np_tag_id,record_id,table_id,title,description
1,35,0,"Websites",""
2,36,0,"<a href="http://openantz.com">ANTz homepage</a>",""
3,39,0,"<a href="https://github.com/openantz/antz">ANTz Github page</a>",""
4,40,0,"<a href="http://openantz.com/docs/doxy/html/">ANTz Doxygen docs</a>",""
5,41,0,"<a href="http://www.edworlds.com/antz/toroids/index.php">Jeff's ANTz Gallery</a>",""
6,46,0,"Click on a node and PRESS 'U' to USE",""
7,47,0,"<a href="antz.exe -f usr/csv/antz0001node.csv -f usr/csv/antz0001tag.csv">ANTz Preset 1</a>",""
8,42,0,"<a href="notepad usr/csv/antzglobals.csv">ANTz Globals Table</a>",""
9,49,0,"<a href="cheatsheet_2015-11-17.txt">ANTz Commands - CHEATSHEET</a>",""
10,50,0,"<a href="antz_release_2015-11-17.txt">ANTz 2015-11-17 Release Notes</a>",""
11,45,0,"<a href="notepad usr/csv/antz0001tag.csv">Tag Table</a>",""
